"ProductPhotoID","ThumbNailPhoto","ThumbnailPhotoFileName","LargePhoto","LargePhotoFileName","ModifiedDate"
1,,no_image_available_small.gif,,no_image_available_large.gif,2008-04-30 00:00:00
69,,racer02_black_f_small.gif,,racer02_black_f_large.gif,2008-04-30 00:00:00
70,,racer02_black_small.gif,,racer02_black_large.gif,2012-10-19 09:56:38
72,,racer02_blue_f_small.gif,,racer02_blue_f_large.gif,2012-10-19 09:56:38
73,,racer02_blue_small.gif,,racer02_blue_large.gif,2012-10-19 09:56:38
76,,racer02_green_f_small.gif,,racer02_green_f_large.gif,2012-10-19 09:56:38
77,,racer02_green_small.gif,,racer02_green_large.gif,2012-10-19 09:56:38
78,,hotrodbike_black_small.gif,,hotrodbike_black_large.gif,2012-04-30 00:00:00
79,,hotrodbike_blue_small.gif,,hotrodbike_blue_large.gif,2012-10-19 09:56:38
80,,hotrodbike_f_small.gif,,hotrodbike_f_large.gif,2013-04-30 00:00:00
81,,hotrodbike_f_silver_small.gif,,hotrodbike_f_silver_large.gif,2013-04-30 00:00:00
82,,hotrodbike_small.gif,,hotrodbike_large.gif,2013-04-30 00:00:00
83,,hotrodbike_red_small.gif,,hotrodbike_red_large.gif,2012-10-19 09:56:38
84,,hotrodbike_silver_small.gif,,hotrodbike_silver_large.gif,2012-04-30 00:00:00
85,,hotrodbike_yellow_small.gif,,hotrodbike_yellow_large.gif,2012-10-19 09:56:38
86,,julianax_r_02_black_small.gif,,julianax_r_02_black_large.gif,2012-10-19 09:56:38
87,,julianax_r_02_blue_small.gif,,julianax_r_02_blue_large.gif,2012-10-19 09:56:38
88,,julianax_r_02_f_black_small.gif,,julianax_r_02_f_black_large.gif,2012-10-19 09:56:38
89,,julianax_r_02_f_blue_small.gif,,julianax_r_02_f_blue_large.gif,2012-10-19 09:56:38
90,,julianax_r_02_f_gold_small.gif,,julianax_r_02_f_gold_large.gif,2012-10-19 09:56:38
91,,julianax_r_02_f_green_small.gif,,julianax_r_02_f_green_large.gif,2012-10-19 09:56:38
93,,julianax_r_02_f_red_small.gif,,julianax_r_02_f_red_large.gif,2012-10-19 09:56:38
94,,julianax_r_02_gold_small.gif,,julianax_r_02_gold_large.gif,2012-10-19 09:56:38
95,,julianax_r_02_green_small.gif,,julianax_r_02_green_large.gif,2012-10-19 09:56:38
97,,julianax_r_02_red_small.gif,,julianax_r_02_red_large.gif,2012-10-19 09:56:38
98,,julianax_r_02_silver_small.gif,,julianax_r_02_silver_large.gif,2012-10-19 09:56:38
99,,julianax_r_02_yellow_small.gif,,julianax_r_02_yellow_large.gif,2012-10-19 09:56:38
100,,racer02_red_small.gif,,racer02_red_large.gif,2012-10-19 09:56:38
102,,roadster_black_small.gif,,roadster_black_large.gif,2012-10-19 09:56:38
103,,roadster_blue_small.gif,,roadster_blue_large.gif,2012-10-19 09:56:38
105,,roadster_green_f_small.gif,,roadster_green_f_large.gif,2012-10-19 09:56:38
106,,roadster_green_small.gif,,roadster_green_large.gif,2012-10-19 09:56:38
107,,roadster_small.gif,,roadster_large.gif,2012-10-19 09:56:38
108,,roadster_purple_f_small.gif,,roadster_purple_f_large.gif,2012-10-19 09:56:38
109,,roadster_purple_small.gif,,roadster_purple_large.gif,2012-10-19 09:56:38
110,,roadster_red_f_small.gif,,roadster_red_f_large.gif,2012-10-19 09:56:38
111,,roadster_red_small.gif,,roadster_red_large.gif,2011-05-01 00:00:00
112,,roadster_silver_small.gif,,roadster_silver_large.gif,2012-10-19 09:56:38
113,,roadster_yellow_f_small.gif,,roadster_yellow_f_large.gif,2013-04-30 00:00:00
114,,roadster_yellow_small.gif,,roadster_yellow_large.gif,2012-10-19 09:56:38
115,,racer02_silver_small.gif,,racer02_silver_large.gif,2012-10-19 09:56:38
117,,superlight_black_f_small.gif,,superlight_black_f_large.gif,2012-10-19 09:56:38
118,,superlight_black_small.gif,,superlight_black_large.gif,2011-05-01 00:00:00
119,,superlight_blue_f_small.gif,,superlight_blue_f_large.gif,2011-05-01 00:00:00
120,,superlight_blue_small.gif,,superlight_blue_large.gif,2012-10-19 09:56:38
123,,superlight_metalicgreen_f_small.gif,,superlight_metalicgreen_f_large.gif,2012-10-19 09:56:38
124,,superlight_metalicgreen_small.gif,,superlight_metalicgreen_large.gif,2012-10-19 09:56:38
125,,superlight_red_f_small.gif,,superlight_red_f_large.gif,2012-10-19 09:56:38
126,,superlight_red_small.gif,,superlight_red_large.gif,2011-05-01 00:00:00
127,,superlight_silver_f_small.gif,,superlight_silver_f_large.gif,2011-05-01 00:00:00
128,,superlight_silver_small.gif,,superlight_silver_large.gif,2011-05-01 00:00:00
129,,superlight_yellow_f_small.gif,,superlight_yellow_f_large.gif,2011-05-01 00:00:00
130,,superlight_yellow_small.gif,,superlight_yellow_large.gif,2012-10-19 09:56:38
131,,racer02_yellow_f_small.gif,,racer02_yellow_f_large.gif,2012-04-30 00:00:00
133,,chain_small.gif,,chain_large.gif,2012-04-30 00:00:00
134,,chain_lube_small.gif,,chain_lube_large.gif,2012-04-30 00:00:00
135,,clipless_pedals_small.gif,,clipless_pedals_large.gif,2013-04-30 00:00:00
136,,co2_4tire_small.gif,,co2_4tire_large.gif,2013-04-30 00:00:00
137,,double_headlight_small.gif,,double_headlight_large.gif,2012-04-30 00:00:00
138,,fork_small.gif,,fork_large.gif,2012-04-30 00:00:00
139,,frame_black_small.gif,,frame_black_large.gif,2011-05-01 00:00:00
140,,frame_blue_small.gif,,frame_blue_large.gif,2012-10-19 09:56:38
141,,frame_small.gif,,frame_large.gif,2012-10-19 09:56:38
142,,frame_red_small.gif,,frame_red_large.gif,2012-10-19 09:56:38
143,,frame_silver_small.gif,,frame_silver_large.gif,2011-05-01 00:00:00
144,,frame_yellow_small.gif,,frame_yellow_large.gif,2012-10-19 09:56:38
145,,handlebar_small.gif,,handlebar_large.gif,2012-04-30 00:00:00
146,,mb_tires_small.gif,,mb_tires_large.gif,2013-04-30 00:00:00
147,,pedal_small.gif,,pedal_large.gif,2013-04-30 00:00:00
149,,saddle_small.gif,,saddle_large.gif,2013-04-30 00:00:00
150,,silver_chain_small.gif,,silver_chain_large.gif,2013-04-30 00:00:00
151,,silver_pedal_small.gif,,silver_pedal_large.gif,2013-04-30 00:00:00
152,,silver_sprocket_small.gif,,silver_sprocket_large.gif,2013-04-30 00:00:00
153,,single_headlight_small.gif,,single_headlight_large.gif,2012-04-30 00:00:00
154,,sprocket_small.gif,,sprocket_large.gif,2013-04-30 00:00:00
155,,street_tires_small.gif,,street_tires_large.gif,2013-04-30 00:00:00
156,,tail_lights_small.gif,,tail_lights_large.gif,2012-04-30 00:00:00
157,,tirepatch_kit_small.gif,,tirepatch_kit_large.gif,2013-04-30 00:00:00
158,,water_bottle_cage_small.gif,,water_bottle_cage_large.gif,2013-04-30 00:00:00
159,,water_bottle_small.gif,,water_bottle_large.gif,2013-04-30 00:00:00
160,,wheel_small.gif,,wheel_large.gif,2008-03-31 00:00:00
161,,awc_jersey_female_small.gif,,awc_jersey_female_large.gif,2008-03-31 00:00:00
162,,awc_jersey_male_small.gif,,awc_jersey_male_large.gif,2011-05-01 00:00:00
163,,awc_tee_female_small.gif,,awc_tee_female_large.gif,2011-05-01 00:00:00
164,,awc_tee_male_small.gif,,awc_tee_male_large.gif,2011-05-01 00:00:00
165,,awc_tee_male_yellow_small.gif,,awc_tee_male_yellow_large.gif,2013-04-30 00:00:00
166,,bikepump_small.gif,,bikepump_large.gif,2012-04-30 00:00:00
167,,bike_lock_small.gif,,bike_lock_large.gif,2012-04-30 00:00:00
168,,bike_shoes_small.gif,,bike_shoes_large.gif,2012-04-30 00:00:00
169,,bike_shorts_female_small.gif,,bike_shorts_female_large.gif,2012-04-30 00:00:00
170,,bike_shorts_male_small.gif,,bike_shorts_male_large.gif,2012-04-30 00:00:00
172,,handpump_small.gif,,handpump_large.gif,2012-04-30 00:00:00
173,,innertube_small.gif,,innertube_large.gif,2013-04-30 00:00:00
174,,mb_shoes_small.gif,,mb_shoes_large.gif,2013-04-30 00:00:00
175,,shorts_female_small.gif,,shorts_female_large.gif,2013-04-30 00:00:00
176,,shorts_male_small.gif,,shorts_male_large.gif,2012-04-30 00:00:00
177,,racer_black_small.gif,,racer_black_large.gif,2012-04-30 00:00:00
178,,racer_blue_small.gif,,racer_blue_large.gif,2012-10-19 09:56:38
179,,racer_red_small.gif,,racer_red_large.gif,2012-04-30 00:00:00
180,,racer_silver_small.gif,,racer_silver_large.gif,2012-10-19 09:56:38
181,,racer_yellow_small.gif,,racer_yellow_large.gif,2012-10-19 09:56:38
