"ShipMethodID","Name","ShipBase","ShipRate","rowguid","ModifiedDate"
1,XRQ - TRUCK GROUND,3.9500,0.9900,"6BE756D9-D7BE-4463-8F2C-AE60C710D606",2008-04-30 00:00:00
2,ZY - EXPRESS,9.9500,1.9900,"3455079B-F773-4DC6-8F1E-2A58649C4AB8",2008-04-30 00:00:00
3,OVERSEAS - DELUXE,29.9500,2.9900,"22F4E461-28CF-4ACE-A980-F686CF112EC8",2008-04-30 00:00:00
4,OVERNIGHT J-FAST,21.9500,1.2900,"107E8356-E7A8-463D-B60C-079FFF467F3F",2008-04-30 00:00:00
5,CARGO TRANSPORT 5,8.9900,1.4900,B166019A-B134-4E76-B957-2B0490C610ED,2008-04-30 00:00:00
